Workbook

Sheet Summary
B2: ผลรวมแบบประเมินการสัมภาษณ์ผู้ขอรับทุนศึกษา
B4: ชื่อผู้ขอรับทุน
B5: สังกัดฝ่าย
B6: ขอรับทุนระดับ | C6: ปริญญาโท
B7: สถาบันที่ตอบรับ
B9: หมวดการประเมิน | E9: น้ำหนัก (Weight) | F9: คำอธิบายและแนวทางการพิจารณา | G9: กรรมการ | H9: กรรมการ | I9: กรรมการ | J9: กรรมการ | K9: กรรมการ | L9: คะแนนเฉลี่ย
G10: EM | H10: MD-BPT | I10: MD-TARCO | J10: MD-BPS | K10: HZ
B11: 1. ความสอดคล้อง สนับสนุนต่อกลยุทธ์องค์กร | E11: 25 | F11: • สาขาวิชาตรงกับทิศทางธุรกิจหลัก (Core Business) หรือยุทธศาสตร์ใหม่ของกลุ่มบริษัท BAFS Group • สามารถนำความรู้กลับมาพัฒนานวัตกรรม ต่อยอดธุรกิจ หรือแก้ปัญหาหน้างานจริงได้อย่างเป็นรูปธรรม | G11: =EM!H10 -> 0 | H11: ='MD-BPT'!H10 -> 0 | I11: ='MD TARCO'!H10 -> 0 | J11: ='MD-BPS'!H10 -> 0 | K11: =HZ!H10 -> 0 | L11: =AVERAGE(G11:K11) -> 0
B12: 2. ความผูกพัน และตั้งใจพัฒนาองค์กรในระยะยาว | E12: 25 | F12: • มีข้อเสนอแผนงานพัฒนางาน (Action Plan) หลังสำเร็จการศึกษาที่ชัดเจนและนำไปปฏิบัติได้จริง • มีความมุ่งมั่นเติบโตในสายวิชาชีพร่วมกับองค์กร และพร้อมปฏิบัติงานชดใช้ทุนตามสัญญา | G12: =EM!H11 -> 0 | H12: ='MD-BPT'!H11 -> 0 | I12: ='MD TARCO'!H11 -> 0 | J12: ='MD-BPS'!H11 -> 0 | K12: =HZ!H11 -> 0 | L12: =AVERAGE(G12:K12) -> 0
B13: 3. แรงจูงใจและเป้าหมายการศึกษา | E13: 15 | F13: • มีความมุ่งมั่น มีเป้าหมายการศึกษาชัดเจน และมีความพร้อมด้านวิชาการรวมถึงทักษะภาษา • มีแผนการเรียนและหัวข้อการศึกษาค้นคว้าอิสระ/วิทยานิพนธ์ที่สอดคล้องตามกรอบเวลาหลักสูตร | G13: =EM!H12 -> 0 | H13: ='MD-BPT'!H12 -> 0 | I13: ='MD TARCO'!H12 -> 0 | J13: ='MD-BPS'!H12 -> 0 | K13: =HZ!H12 -> 0 | L13: =AVERAGE(G13:K13) -> 0
B14: 4. ภาวะผู้นำและบทบาทแบบอย่างที่ดีในการทำงาน | E14: 15 | F14: • ประพฤติตนตามค่านิยมหลักองค์กร (Core Values) มีวินัย และทำงานร่วมกับผู้อื่นได้อย่างราบรื่น • มีศักยภาพในการเป็นผู้นำการเปลี่ยนแปลง และเป็นผู้ถ่ายทอดองค์ความรู้ (KM) ภายในองค์กร | G14: =EM!H13 -> 0 | H14: ='MD-BPT'!H13 -> 0 | I14: ='MD TARCO'!H13 -> 0 | J14: ='MD-BPS'!H13 -> 0 | K14: =HZ!H13 -> 0 | L14: =AVERAGE(G14:K14) -> 0
B15: 5. การวางแผน ความรับผิดชอบ (ไม่กระทบงาน/ทีม) | E15: 10 | F15: • มีแผนจัดสรรเวลาเรียนและการทำงานที่ชัดเจน ไม่ส่งผลกระทบต่อผลการดำเนินงานของทีม • มีการวางแผนส่งมอบงานในหน้าที่ และเตรียมความพร้อมของผู้ปฏิบัติงานแทนอย่างครบถ้วน | G15: =EM!H14 -> 0 | H15: ='MD-BPT'!H14 -> 0 | I15: ='MD TARCO'!H14 -> 0 | J15: ='MD-BPS'!H14 -> 0 | K15: =HZ!H14 -> 0 | L15: =AVERAGE(G15:K15) -> 0
B16: 6. การมีส่วนร่วมในกิจกรรมและโครงการขององค์กร | E16: 10 | F16: • เคยเข้าร่วมเป็นคณะทำงานในโครงการของบริษัท เช่น Core Values, นวัตกรรม คณะกรรมการคณะต่างๆ หรือเป็นสมาชิกโครงการ UL&YT | G16: =EM!H15 -> 0 | H16: ='MD-BPT'!H15 -> 0 | I16: ='MD TARCO'!H15 -> 0 | J16: ='MD-BPS'!H15 -> 0 | K16: =HZ!H15 -> 0 | L16: =AVERAGE(G16:K16) -> 0
B17: ผลคะแนนคำนวณตามค่าน้ำหนัก (คะแนนเต็ม 100) | G17: =SUM(G11:G16) -> 0 | H17: =SUM(H11:H16) -> 0 | I17: =SUM(I11:I16) -> 0 | J17: =SUM(J11:J16) -> 0 | K17: =SUM(K11:K16) -> 0
B19: 2. โปรดระบุจุดเด่นหรือจุดแข็งของพนักงาน
B23: 3. โปรดระบุจุดอ่อนของพนักงานหากผ่านสัมภาษณ์
B27: 4. โปรดแสดงความคิดเห็นเกี่ยวกับความมุ่งมั่นของพนักงานที่จะกลับมาพัฒนาองค์กร
B31: 5. ข้อคิดเห็นอื่นๆ (ถ้ามี)
B35: 6. มติของกรรมการสัมภาษณ์ | D35: ผ่าน | F35: ไม่ผ่าน

Sheet EM
G1: EM
B2: ผลรวมแบบประเมินการสัมภาษณ์ผู้ขอรับทุนศึกษา
B4: ชื่อผู้ขอรับทุน
B5: สังกัดฝ่าย
B6: ขอรับทุนระดับ | C6: ปริญญาโท
B7: สถาบันที่ตอบรับ
B9: หมวดการประเมิน | E9: น้ำหนัก (Weight) | F9: คำอธิบายและแนวทางการพิจารณา | G9: คะแนนที่ได้ | H9: คะแนนรวม สุทธิ
B10: 1. ความสอดคล้อง สนับสนุนต่อกลยุทธ์องค์กร | E10: 25 | F10: • สาขาวิชาตรงกับทิศทางธุรกิจหลัก (Core Business) หรือยุทธศาสตร์ใหม่ของกลุ่มบริษัท BAFS Group • สามารถนำความรู้กลับมาพัฒนานวัตกรรม ต่อยอดธุรกิจ หรือแก้ปัญหาหน้างานจริงได้อย่างเป็นรูปธรรม | H10: =(G10/5)*E10 -> 0
B11: 2. ความผูกพัน และตั้งใจพัฒนาองค์กรในระยะยาว | E11: 25 | F11: • มีข้อเสนอแผนงานพัฒนางาน (Action Plan) หลังสำเร็จการศึกษาที่ชัดเจนและนำไปปฏิบัติได้จริง • มีความมุ่งมั่นเติบโตในสายวิชาชีพร่วมกับองค์กร และพร้อมปฏิบัติงานชดใช้ทุนตามสัญญา | H11: =(G11/5)*E11 -> 0
B12: 3. แรงจูงใจและเป้าหมายการศึกษา | E12: 15 | F12: • มีความมุ่งมั่น มีเป้าหมายการศึกษาชัดเจน และมีความพร้อมด้านวิชาการรวมถึงทักษะภาษา • มีแผนการเรียนและหัวข้อการศึกษาค้นคว้าอิสระ/วิทยานิพนธ์ที่สอดคล้องตามกรอบเวลาหลักสูตร | H12: =(G12/5)*E12 -> 0
B13: 4. ภาวะผู้นำและบทบาทแบบอย่างที่ดีในการทำงาน | E13: 15 | F13: • ประพฤติตนตามค่านิยมหลักองค์กร (Core Values) มีวินัย และทำงานร่วมกับผู้อื่นได้อย่างราบรื่น • มีศักยภาพในการเป็นผู้นำการเปลี่ยนแปลง และเป็นผู้ถ่ายทอดองค์ความรู้ (KM) ภายในองค์กร | H13: =(G13/5)*E13 -> 0
B14: 5. การวางแผน ความรับผิดชอบ (ไม่กระทบงาน/ทีม) | E14: 10 | F14: • มีแผนจัดสรรเวลาเรียนและการทำงานที่ชัดเจน ไม่ส่งผลกระทบต่อผลการดำเนินงานของทีม • มีการวางแผนส่งมอบงานในหน้าที่ และเตรียมความพร้อมของผู้ปฏิบัติงานแทนอย่างครบถ้วน | H14: =(G14/5)*E14 -> 0
B15: 6. การมีส่วนร่วมในกิจกรรมและโครงการขององค์กร | E15: 10 | F15: • เคยเข้าร่วมเป็นคณะทำงานในโครงการของบริษัท เช่น Core Values, นวัตกรรม คณะกรรมการคณะต่างๆ หรือเป็นสมาชิกโครงการ UL&YT | H15: =(G15/5)*E15 -> 0
B16: คะแนนก่อนถ่วงน้ำหนัก (คะแนนเต็ม 30) | G16: =SUM(G10:G15) -> 0
F17: ผลคะแนนคำนวณตามค่าน้ำหนัก (คะแนนเต็ม 100) | G17: =SUM(H10:H15) -> 0
B19: 2. โปรดระบุจุดเด่นหรือจุดแข็งของพนักงาน
B23: 3. โปรดระบุจุดอ่อนของพนักงานหากผ่านสัมภาษณ์
B27: 4. โปรดแสดงความคิดเห็นเกี่ยวกับความมุ่งมั่นของพนักงานที่จะกลับมาพัฒนาองค์กร
B31: 5. ข้อคิดเห็นอื่นๆ (ถ้ามี)
B35: 6. มติของกรรมการสัมภาษณ์ | D35: ผ่าน | F35: ไม่ผ่าน
F37: ลงชื่อ
F38: วันที่

Sheet MD-BPT
G1: MD - BPT
B2: ผลรวมแบบประเมินการสัมภาษณ์ผู้ขอรับทุนศึกษา
B4: ชื่อผู้ขอรับทุน
B5: สังกัดฝ่าย
B6: ขอรับทุนระดับ | C6: ปริญญาโท
B7: สถาบันที่ตอบรับ
B9: หมวดการประเมิน | E9: น้ำหนัก (Weight) | F9: คำอธิบายและแนวทางการพิจารณา | G9: คะแนนที่ได้ | H9: คะแนนรวม สุทธิ
B10: 1. ความสอดคล้อง สนับสนุนต่อกลยุทธ์องค์กร | E10: 25 | F10: • สาขาวิชาตรงกับทิศทางธุรกิจหลัก (Core Business) หรือยุทธศาสตร์ใหม่ของกลุ่มบริษัท BAFS Group • สามารถนำความรู้กลับมาพัฒนานวัตกรรม ต่อยอดธุรกิจ หรือแก้ปัญหาหน้างานจริงได้อย่างเป็นรูปธรรม | H10: =(G10/5)*E10 -> 0
B11: 2. ความผูกพัน และตั้งใจพัฒนาองค์กรในระยะยาว | E11: 25 | F11: • มีข้อเสนอแผนงานพัฒนางาน (Action Plan) หลังสำเร็จการศึกษาที่ชัดเจนและนำไปปฏิบัติได้จริง • มีความมุ่งมั่นเติบโตในสายวิชาชีพร่วมกับองค์กร และพร้อมปฏิบัติงานชดใช้ทุนตามสัญญา | H11: =(G11/5)*E11 -> 0
B12: 3. แรงจูงใจและเป้าหมายการศึกษา | E12: 15 | F12: • มีความมุ่งมั่น มีเป้าหมายการศึกษาชัดเจน และมีความพร้อมด้านวิชาการรวมถึงทักษะภาษา • มีแผนการเรียนและหัวข้อการศึกษาค้นคว้าอิสระ/วิทยานิพนธ์ที่สอดคล้องตามกรอบเวลาหลักสูตร | H12: =(G12/5)*E12 -> 0
B13: 4. ภาวะผู้นำและบทบาทแบบอย่างที่ดีในการทำงาน | E13: 15 | F13: • ประพฤติตนตามค่านิยมหลักองค์กร (Core Values) มีวินัย และทำงานร่วมกับผู้อื่นได้อย่างราบรื่น • มีศักยภาพในการเป็นผู้นำการเปลี่ยนแปลง และเป็นผู้ถ่ายทอดองค์ความรู้ (KM) ภายในองค์กร | H13: =(G13/5)*E13 -> 0
B14: 5. การวางแผน ความรับผิดชอบ (ไม่กระทบงาน/ทีม) | E14: 10 | F14: • มีแผนจัดสรรเวลาเรียนและการทำงานที่ชัดเจน ไม่ส่งผลกระทบต่อผลการดำเนินงานของทีม • มีการวางแผนส่งมอบงานในหน้าที่ และเตรียมความพร้อมของผู้ปฏิบัติงานแทนอย่างครบถ้วน | H14: =(G14/5)*E14 -> 0
B15: 6. การมีส่วนร่วมในกิจกรรมและโครงการขององค์กร | E15: 10 | F15: • เคยเข้าร่วมเป็นคณะทำงานในโครงการของบริษัท เช่น Core Values, นวัตกรรม คณะกรรมการคณะต่างๆ หรือเป็นสมาชิกโครงการ UL&YT | H15: =(G15/5)*E15 -> 0
B16: คะแนนก่อนถ่วงน้ำหนัก | G16: =SUM(G10:G15) -> 0
F17: ผลคะแนนคำนวณตามค่าน้ำหนัก | G17: =SUM(H10:H15) -> 0
B19: 2. โปรดระบุจุดเด่นหรือจุดแข็งของพนักงาน
B23: 3. โปรดระบุจุดอ่อนของพนักงานหากผ่านสัมภาษณ์
B27: 4. โปรดแสดงความคิดเห็นเกี่ยวกับความมุ่งมั่นของพนักงานที่จะกลับมาพัฒนาองค์กร
B31: 5. ข้อคิดเห็นอื่นๆ (ถ้ามี)
B35: 6. มติของกรรมการสัมภาษณ์ | D35: ผ่าน | F35: ไม่ผ่าน
F37: ลงชื่อ
F38: วันที่

Sheet MD TARCO
G1: MD - TARCO
B2: ผลรวมแบบประเมินการสัมภาษณ์ผู้ขอรับทุนศึกษา
B4: ชื่อผู้ขอรับทุน
B5: สังกัดฝ่าย
B6: ขอรับทุนระดับ | C6: ปริญญาโท
B7: สถาบันที่ตอบรับ
B9: หมวดการประเมิน | E9: น้ำหนัก (Weight) | F9: คำอธิบายและแนวทางการพิจารณา | G9: คะแนนที่ได้ | H9: คะแนนรวม สุทธิ
B10: 1. ความสอดคล้อง สนับสนุนต่อกลยุทธ์องค์กร | E10: 25 | F10: • สาขาวิชาตรงกับทิศทางธุรกิจหลัก (Core Business) หรือยุทธศาสตร์ใหม่ของกลุ่มบริษัท BAFS Group • สามารถนำความรู้กลับมาพัฒนานวัตกรรม ต่อยอดธุรกิจ หรือแก้ปัญหาหน้างานจริงได้อย่างเป็นรูปธรรม | H10: =(G10/5)*E10 -> 0
B11: 2. ความผูกพัน และตั้งใจพัฒนาองค์กรในระยะยาว | E11: 25 | F11: • มีข้อเสนอแผนงานพัฒนางาน (Action Plan) หลังสำเร็จการศึกษาที่ชัดเจนและนำไปปฏิบัติได้จริง • มีความมุ่งมั่นเติบโตในสายวิชาชีพร่วมกับองค์กร และพร้อมปฏิบัติงานชดใช้ทุนตามสัญญา | H11: =(G11/5)*E11 -> 0
B12: 3. แรงจูงใจและเป้าหมายการศึกษา | E12: 15 | F12: • มีความมุ่งมั่น มีเป้าหมายการศึกษาชัดเจน และมีความพร้อมด้านวิชาการรวมถึงทักษะภาษา • มีแผนการเรียนและหัวข้อการศึกษาค้นคว้าอิสระ/วิทยานิพนธ์ที่สอดคล้องตามกรอบเวลาหลักสูตร | H12: =(G12/5)*E12 -> 0
B13: 4. ภาวะผู้นำและบทบาทแบบอย่างที่ดีในการทำงาน | E13: 15 | F13: • ประพฤติตนตามค่านิยมหลักองค์กร (Core Values) มีวินัย และทำงานร่วมกับผู้อื่นได้อย่างราบรื่น • มีศักยภาพในการเป็นผู้นำการเปลี่ยนแปลง และเป็นผู้ถ่ายทอดองค์ความรู้ (KM) ภายในองค์กร | H13: =(G13/5)*E13 -> 0
B14: 5. การวางแผน ความรับผิดชอบ (ไม่กระทบงาน/ทีม) | E14: 10 | F14: • มีแผนจัดสรรเวลาเรียนและการทำงานที่ชัดเจน ไม่ส่งผลกระทบต่อผลการดำเนินงานของทีม • มีการวางแผนส่งมอบงานในหน้าที่ และเตรียมความพร้อมของผู้ปฏิบัติงานแทนอย่างครบถ้วน | H14: =(G14/5)*E14 -> 0
B15: 6. การมีส่วนร่วมในกิจกรรมและโครงการขององค์กร | E15: 10 | F15: • เคยเข้าร่วมเป็นคณะทำงานในโครงการของบริษัท เช่น Core Values, นวัตกรรม คณะกรรมการคณะต่างๆ หรือเป็นสมาชิกโครงการ UL&YT | H15: =(G15/5)*E15 -> 0
B16: คะแนนก่อนถ่วงน้ำหนัก | G16: =SUM(G10:G15) -> 0
F17: ผลคะแนนคำนวณตามค่าน้ำหนัก | G17: =SUM(H10:H15) -> 0
B19: 2. โปรดระบุจุดเด่นหรือจุดแข็งของพนักงาน
B23: 3. โปรดระบุจุดอ่อนของพนักงานหากผ่านสัมภาษณ์
B27: 4. โปรดแสดงความคิดเห็นเกี่ยวกับความมุ่งมั่นของพนักงานที่จะกลับมาพัฒนาองค์กร
B31: 5. ข้อคิดเห็นอื่นๆ (ถ้ามี)
B35: 6. มติของกรรมการสัมภาษณ์ | D35: ผ่าน | F35: ไม่ผ่าน
F37: ลงชื่อ
F38: วันที่

Sheet MD-BPS
G1: MD - BPS
B2: ผลรวมแบบประเมินการสัมภาษณ์ผู้ขอรับทุนศึกษา
B4: ชื่อผู้ขอรับทุน
B5: สังกัดฝ่าย
B6: ขอรับทุนระดับ | C6: ปริญญาโท
B7: สถาบันที่ตอบรับ
B9: หมวดการประเมิน | E9: น้ำหนัก (Weight) | F9: คำอธิบายและแนวทางการพิจารณา | G9: คะแนนที่ได้ | H9: คะแนนรวม สุทธิ
B10: 1. ความสอดคล้อง สนับสนุนต่อกลยุทธ์องค์กร | E10: 25 | F10: • สาขาวิชาตรงกับทิศทางธุรกิจหลัก (Core Business) หรือยุทธศาสตร์ใหม่ของกลุ่มบริษัท BAFS Group • สามารถนำความรู้กลับมาพัฒนานวัตกรรม ต่อยอดธุรกิจ หรือแก้ปัญหาหน้างานจริงได้อย่างเป็นรูปธรรม | H10: =(G10/5)*E10 -> 0
B11: 2. ความผูกพัน และตั้งใจพัฒนาองค์กรในระยะยาว | E11: 25 | F11: • มีข้อเสนอแผนงานพัฒนางาน (Action Plan) หลังสำเร็จการศึกษาที่ชัดเจนและนำไปปฏิบัติได้จริง • มีความมุ่งมั่นเติบโตในสายวิชาชีพร่วมกับองค์กร และพร้อมปฏิบัติงานชดใช้ทุนตามสัญญา | H11: =(G11/5)*E11 -> 0
B12: 3. แรงจูงใจและเป้าหมายการศึกษา | E12: 15 | F12: • มีความมุ่งมั่น มีเป้าหมายการศึกษาชัดเจน และมีความพร้อมด้านวิชาการรวมถึงทักษะภาษา • มีแผนการเรียนและหัวข้อการศึกษาค้นคว้าอิสระ/วิทยานิพนธ์ที่สอดคล้องตามกรอบเวลาหลักสูตร | H12: =(G12/5)*E12 -> 0
B13: 4. ภาวะผู้นำและบทบาทแบบอย่างที่ดีในการทำงาน | E13: 15 | F13: • ประพฤติตนตามค่านิยมหลักองค์กร (Core Values) มีวินัย และทำงานร่วมกับผู้อื่นได้อย่างราบรื่น • มีศักยภาพในการเป็นผู้นำการเปลี่ยนแปลง และเป็นผู้ถ่ายทอดองค์ความรู้ (KM) ภายในองค์กร | H13: =(G13/5)*E13 -> 0
B14: 5. การวางแผน ความรับผิดชอบ (ไม่กระทบงาน/ทีม) | E14: 10 | F14: • มีแผนจัดสรรเวลาเรียนและการทำงานที่ชัดเจน ไม่ส่งผลกระทบต่อผลการดำเนินงานของทีม • มีการวางแผนส่งมอบงานในหน้าที่ และเตรียมความพร้อมของผู้ปฏิบัติงานแทนอย่างครบถ้วน | H14: =(G14/5)*E14 -> 0
B15: 6. การมีส่วนร่วมในกิจกรรมและโครงการขององค์กร | E15: 10 | F15: • เคยเข้าร่วมเป็นคณะทำงานในโครงการของบริษัท เช่น Core Values, นวัตกรรม คณะกรรมการคณะต่างๆ หรือเป็นสมาชิกโครงการ UL&YT | H15: =(G15/5)*E15 -> 0
B16: คะแนนก่อนถ่วงน้ำหนัก | G16: =SUM(G10:G15) -> 0
F17: ผลคะแนนคำนวณตามค่าน้ำหนัก | G17: =SUM(H10:H15) -> 0
B19: 2. โปรดระบุจุดเด่นหรือจุดแข็งของพนักงาน
B23: 3. โปรดระบุจุดอ่อนของพนักงานหากผ่านสัมภาษณ์
B27: 4. โปรดแสดงความคิดเห็นเกี่ยวกับความมุ่งมั่นของพนักงานที่จะกลับมาพัฒนาองค์กร
B31: 5. ข้อคิดเห็นอื่นๆ (ถ้ามี)
B35: 6. มติของกรรมการสัมภาษณ์ | D35: ผ่าน | F35: ไม่ผ่าน
F37: ลงชื่อ
F38: วันที่

Sheet HZ
G1: HZ
B2: ผลรวมแบบประเมินการสัมภาษณ์ผู้ขอรับทุนศึกษา
B4: ชื่อผู้ขอรับทุน
B5: สังกัดฝ่าย
B6: ขอรับทุนระดับ | C6: ปริญญาโท
B7: สถาบันที่ตอบรับ
B9: หมวดการประเมิน | E9: น้ำหนัก (Weight) | F9: คำอธิบายและแนวทางการพิจารณา | G9: คะแนนที่ได้ | H9: คะแนนรวม สุทธิ
B10: 1. ความสอดคล้อง สนับสนุนต่อกลยุทธ์องค์กร | E10: 25 | F10: • สาขาวิชาตรงกับทิศทางธุรกิจหลัก (Core Business) หรือยุทธศาสตร์ใหม่ของกลุ่มบริษัท BAFS Group • สามารถนำความรู้กลับมาพัฒนานวัตกรรม ต่อยอดธุรกิจ หรือแก้ปัญหาหน้างานจริงได้อย่างเป็นรูปธรรม | H10: =(G10/5)*E10 -> 0
B11: 2. ความผูกพัน และตั้งใจพัฒนาองค์กรในระยะยาว | E11: 25 | F11: • มีข้อเสนอแผนงานพัฒนางาน (Action Plan) หลังสำเร็จการศึกษาที่ชัดเจนและนำไปปฏิบัติได้จริง • มีความมุ่งมั่นเติบโตในสายวิชาชีพร่วมกับองค์กร และพร้อมปฏิบัติงานชดใช้ทุนตามสัญญา | H11: =(G11/5)*E11 -> 0
B12: 3. แรงจูงใจและเป้าหมายการศึกษา | E12: 15 | F12: • มีความมุ่งมั่น มีเป้าหมายการศึกษาชัดเจน และมีความพร้อมด้านวิชาการรวมถึงทักษะภาษา • มีแผนการเรียนและหัวข้อการศึกษาค้นคว้าอิสระ/วิทยานิพนธ์ที่สอดคล้องตามกรอบเวลาหลักสูตร | H12: =(G12/5)*E12 -> 0
B13: 4. ภาวะผู้นำและบทบาทแบบอย่างที่ดีในการทำงาน | E13: 15 | F13: • ประพฤติตนตามค่านิยมหลักองค์กร (Core Values) มีวินัย และทำงานร่วมกับผู้อื่นได้อย่างราบรื่น • มีศักยภาพในการเป็นผู้นำการเปลี่ยนแปลง และเป็นผู้ถ่ายทอดองค์ความรู้ (KM) ภายในองค์กร | H13: =(G13/5)*E13 -> 0
B14: 5. การวางแผน ความรับผิดชอบ (ไม่กระทบงาน/ทีม) | E14: 10 | F14: • มีแผนจัดสรรเวลาเรียนและการทำงานที่ชัดเจน ไม่ส่งผลกระทบต่อผลการดำเนินงานของทีม • มีการวางแผนส่งมอบงานในหน้าที่ และเตรียมความพร้อมของผู้ปฏิบัติงานแทนอย่างครบถ้วน | H14: =(G14/5)*E14 -> 0
B15: 6. การมีส่วนร่วมในกิจกรรมและโครงการขององค์กร | E15: 10 | F15: • เคยเข้าร่วมเป็นคณะทำงานในโครงการของบริษัท เช่น Core Values, นวัตกรรม คณะกรรมการคณะต่างๆ หรือเป็นสมาชิกโครงการ UL&YT | H15: =(G15/5)*E15 -> 0
B16: คะแนนก่อนถ่วงน้ำหนัก | G16: =SUM(G10:G15) -> 0
F17: ผลคะแนนคำนวณตามค่าน้ำหนัก | G17: =SUM(H10:H15) -> 0
B19: 2. โปรดระบุจุดเด่นหรือจุดแข็งของพนักงาน
B23: 3. โปรดระบุจุดอ่อนของพนักงานหากผ่านสัมภาษณ์
B27: 4. โปรดแสดงความคิดเห็นเกี่ยวกับความมุ่งมั่นของพนักงานที่จะกลับมาพัฒนาองค์กร
B31: 5. ข้อคิดเห็นอื่นๆ (ถ้ามี)
B35: 6. มติของกรรมการสัมภาษณ์ | D35: ผ่าน | F35: ไม่ผ่าน
F37: ลงชื่อ
F38: วันที่

Sheet data
B2: 5
B3: 4
B4: 3
B5: 2
B6: 1
